Study	Article Title	Journal	Primary Synthesis Domain	Contributions to the Exposure–Conversion Synthesis
Allagiannis et al. (2025)	The effects of COVID-19 pandemic on business model elements — Insights from Greek micro and small retailers	Journal of General Management	Retail traffic, visits, and store conversion	Mobility traces linked to market outcomes; Local conditions shaping conversion
Aly et al. (2019)	To buy or not to buy: Computing value of spatiotemporal information	ACM Transactions on Spatial Algorithms and Systems	General mobility-market theory and methods	Location-based marketing linked to offline behavior
Alzubi et al. (2024)	The influence of ads’ perceived intrusiveness in geo-fencing and geo-conquesting on purchase intention: The mediating role of customers’ attitudes	Interdisciplinary Journal of Information, Knowledge, and Management	Location-based marketing and digital conversion	Mobility traces linked to market outcomes; Location-based marketing linked to offline behavior; Spatial access and market exposure; Local conditions shaping conversion
Arunraj & Ahrens (2016)	Estimation of non-catastrophic weather impacts for retail industry	International Journal of Retail and Distribution Management	Retail traffic, visits, and store conversion	Mobility traces linked to market outcomes; Local conditions shaping conversion
Ayaz (2025)	Digital Advertising and Customer Movement Analysis Using BLE Beacon Technology and Smart Shopping Carts in Retail	Journal of Theoretical and Applied Electronic Commerce Research	Retail traffic, visits, and store conversion	Spatial access and market exposure
Aziz & Zaheer (2025)	Examining the Potential of Pedestrianization in the Commercial Areas of Lahore, Pakistan	Journal of Urban Planning and Development	Commercial districts, market areas, and spatial infrastructure	Mobility traces linked to market outcomes; Spatial access and market exposure; Commercial districts and place-based markets
Babakus et al. (2004)	Linking perceived quality and customer satisfaction to store traffic and revenue growth	Decision Sciences	Retail traffic, visits, and store conversion	Mobility traces linked to market outcomes; Local conditions shaping conversion
Babar & Burtch (2024)	Recharging Retail: Estimating Consumer Demand Spillovers from Electric Vehicle Charging Stations	Manufacturing and Service Operations Management	Services, hospitality, and non-retail local markets	Mobility traces linked to market outcomes; Local conditions shaping conversion
Banerjee et al. (2023)	Discovering synergies and conflicts in online and offline in-store engagement	Journal of Marketing Analytics	Location-based marketing and digital conversion	Spatial access and market exposure
Banerjee et al. (2025)	The effect of in-store electronic word of mouth on local competitor spillovers in the quick service restaurant industry	Electronic Commerce Research	Location-based marketing and digital conversion	Mobility traces linked to market outcomes; Location-based marketing linked to offline behavior; Spatial access and market exposure; Local conditions shaping conversion
Bao et al. (2026)	Customer flow spillovers in retailers' short- and long-term decisions: Profitability and dynamic mechanisms	Journal of Retailing and Consumer Services	Retail traffic, visits, and store conversion	Mobility traces linked to market outcomes
Bhowmick & Mitra (2019)	Listen to me, my neighbors or my friend? Role of complementary modalities for predicting business popularity in location based social networks	Computer Communications	Services, hospitality, and non-retail local markets	Location-based marketing linked to offline behavior; Spatial access and market exposure
Bizjak et al. (2025)	COVID-19 Vaccinations, Business Activity, and Firm Value	Journal of Financial and Quantitative Analysis	Retail traffic, visits, and store conversion	Mobility traces linked to market outcomes; Local conditions shaping conversion
Calderwood & Freathy (2014)	Consumer mobility in the Scottish isles: The impact of internet adoption upon retail travel patterns	Transportation Research Part A: Policy and Practice	Retail traffic, visits, and store conversion	Local conditions shaping conversion
Charles et al. (2025)	Consumer sentiment towards Asians in the early days of the Covid-19 pandemic	Journal of Public Economics	Services, hospitality, and non-retail local markets	Mobility traces linked to market outcomes; Local conditions shaping conversion
Cheruiyot et al. (2026)	Consumer mobility and shopping mall visitation data from smartphone tracking in Johannesburg, South Africa	Data in Brief	Retail traffic, visits, and store conversion	Mobility traces linked to market outcomes
Chun et al. (2024)	The rise of e-commerce and generational consumption inequality: Evidence from COVID-19 in South Korea	Regional Science and Urban Economics	Local consumption and spending flows	Mobility traces linked to market outcomes; Spatial access and market exposure; Local consumption and spending flows; Local conditions shaping conversion
Cinderby & Bagwell (2018)	Exploring the co-benefits of urban green infrastructure improvements for businesses and workers’ wellbeing	Area	Commercial districts, market areas, and spatial infrastructure	Mobility traces linked to market outcomes; Local conditions shaping conversion
Coscia et al. (2015)	Product assortment and customer mobility	EPJ Data Science	General mobility-market theory and methods	Mobility measurement and visitation evidence; Mobility traces linked to market outcomes; Transferable mobility-market theory or methods
Froot et al. (2022)	Predicting Performance Using Consumer Big Data	Journal of Portfolio Management	Retail traffic, visits, and store conversion	Mobility traces linked to market outcomes; Local conditions shaping conversion
Gijsbrechts et al. (2003)	The impact of store flyers on store traffic and store sales: A geo-marketing approach	Journal of Retailing	Retail traffic, visits, and store conversion	Mobility traces linked to market outcomes; Local conditions shaping conversion
Goic et al. (2026)	The value of geolocation information across the promotion funnel	Marketing Letters	Location-based marketing and digital conversion	Mobility traces linked to market outcomes; Location-based marketing linked to offline behavior
Gonzalez-Pampillon et al. (2024)	The economic impacts of the UK's eat out to help out scheme	Journal of Urban Economics	Retail traffic, visits, and store conversion	Mobility traces linked to market outcomes
Graham et al. (2019)	Estimating the value of passing trade from pedestrian density	Journal of Retailing and Consumer Services	Commercial districts, market areas, and spatial infrastructure	Mobility traces linked to market outcomes; Commercial districts and place-based markets
Hagen et al. (2024)	What drives consumers to use local online retail platforms? The influence of non-place-specific and place-specific motives	Journal of Retailing and Consumer Services	Retail traffic, visits, and store conversion	Mobility traces linked to market outcomes
He et al. (2016)	Evolutionary location and pricing strategies for service merchants in competitive O2O markets	European Journal of Operational Research	Services, hospitality, and non-retail local markets	Location-based marketing linked to offline behavior; Local conditions shaping conversion
Hsieh et al. (2019)	Temporal popularity prediction of locations for geographical placement of retail stores	Knowledge and Information Systems	Retail traffic, visits, and store conversion	Mobility traces linked to market outcomes; Location-based marketing linked to offline behavior
Hwang & Park (2016)	The impact of Walmart supercenter conversion on consumer shopping behavior	Management Science	Retail traffic, visits, and store conversion	Mobility traces linked to market outcomes; Local conditions shaping conversion
Imran & Hyun (2024)	In-store shopping trip predictions and impact factors during COVID-19 emergencies	Transportation Planning and Technology	Retail traffic, visits, and store conversion	Mobility traces linked to market outcomes; Spatial access and market exposure
Inostroza-Quezada et al. (2026)	Using sensor technology to evaluate the effects of a price promotion on store arrival traffic	Journal of Business Research	Retail traffic, visits, and store conversion	Mobility traces linked to market outcomes
Jiang (2024)	The effects of removing gender-based price discrimination on movie demand: Estimates using smartphone location data	International Journal of Industrial Organization	Services, hospitality, and non-retail local markets	Mobility measurement and visitation evidence; Mobility traces linked to market outcomes
Jung et al. (2019)	Fuels sales through retail chains and their store traffics and revenue	Asia Pacific Journal of Marketing and Logistics	Retail traffic, visits, and store conversion	Mobility traces linked to market outcomes; Local conditions shaping conversion
Kato & Hoshino (2019)	The Impact of Competitors’ Store Flyer Advertisements on EDLP/High-Low Chain Performance in a Highly Competitive Retail Market: GPS Information and POS Data Approach in Japan	Journal of Advertising	Commercial districts, market areas, and spatial infrastructure	Mobility traces linked to market outcomes; Spatial access and market exposure; Local conditions shaping conversion
Keshanian et al. (2023)	Mobile advertisement campaigns for boosting in-store visits: A design framework and case study	Production and Operations Management	Location-based marketing and digital conversion	Mobility traces linked to market outcomes; Location-based marketing linked to offline behavior
Khare et al. (2020)	Do mall events affect mall traffic and image? A qualitative study of Indian mall retailers	Asia Pacific Journal of Marketing and Logistics	Retail traffic, visits, and store conversion	Mobility traces linked to market outcomes; Local conditions shaping conversion
Khelladi et al. (2021)	The influence of geolocated mobile coupons on customer behavior	International Journal of Technology and Human Interaction	Location-based marketing and digital conversion	Mobility traces linked to market outcomes; Location-based marketing linked to offline behavior
Kim et al. (2019)	Location-based tracking data and customer movement pattern analysis for sustainable fashion business	Sustainability (Switzerland)	Retail traffic, visits, and store conversion	Mobility measurement and visitation evidence; Mobility traces linked to market outcomes
Kim & Lee (2020)	A systematic framework of predicting customer revisit with in-store sensors	Knowledge and Information Systems	Retail traffic, visits, and store conversion	Mobility measurement and visitation evidence; Mobility traces linked to market outcomes; Transferable mobility-market theory or methods
Kim & Zo (2026)	Impact of shared micro-mobility on local economy: Market sales and regional disparities	Transportation Research Part A: Policy and Practice	Commercial districts, market areas, and spatial infrastructure	Mobility traces linked to market outcomes; Spatial access and market exposure; Commercial districts and place-based markets; Local conditions shaping conversion
Klopack & Luco (2025)	JUE Insight: Measuring local consumption with payment cards and cell phone pings	Journal of Urban Economics	Local consumption and spending flows	Mobility traces linked to market outcomes; Local consumption and spending flows
Küçükaydn et al. (2012)	A leaderfollower game in competitive facility location	Computers and Operations Research	General mobility-market theory and methods	Mobility traces linked to market outcomes
Kumar et al. (2024)	Analysing changes in grocery shopping trips after COVID-19: Nagpur case study	Transportation Research Part D: Transport and Environment	Retail traffic, visits, and store conversion	Mobility traces linked to market outcomes; Spatial access and market exposure; Local conditions shaping conversion
Kumar et al. (2025)	Shifts in shopping trips and multicategory interactions post COVID-19	Transportation	Retail traffic, visits, and store conversion	Mobility traces linked to market outcomes; Spatial access and market exposure; Local conditions shaping conversion
Lam et al. (2001)	Evaluating promotions in shopping environments: Decomposing sales response into attraction, conversion, and spending effects	Marketing Science	Retail traffic, visits, and store conversion	Mobility traces linked to market outcomes; Local conditions shaping conversion
Lee et al. (2026)	Heat Adaptation in Street Markets: The Role of Fog Cooling Systems in Sales Growth	Journal of Urban Planning and Development	Local consumption and spending flows	Mobility traces linked to market outcomes
Li et al. (2025)	Product Returns and Assortment Decisions: A Strategic Analysis of Online and Offline Competition	Journal of Marketing Research	Retail traffic, visits, and store conversion	Mobility traces linked to market outcomes; Local conditions shaping conversion
Liu et al. (2019)	Indoor Mobility Interaction Model: Insights into the Customer Flow in Shopping Malls	IEEE Access	Retail traffic, visits, and store conversion	Mobility traces linked to market outcomes
Liu et al. (2023)	Potential value of air: Effect of air pollution on retail store performance and customer behavior	Naval Research Logistics	Retail traffic, visits, and store conversion	Mobility traces linked to market outcomes; Local conditions shaping conversion
Liu & Bardaka (2025)	Exploring the effects of urban rail on the survival of nearby businesses	Transport Policy	Commercial districts, market areas, and spatial infrastructure	Mobility traces linked to market outcomes; Spatial access and market exposure; Local conditions shaping conversion
Liu & Lim (2025)	Market area analysis for in-store online order fulfillment: a data-driven approach	Transportation Research Part A: Policy and Practice	Commercial districts, market areas, and spatial infrastructure	Location-based marketing linked to offline behavior; Spatial access and market exposure
Löffler (1998)	Market areas - A methodological reflection on their boundaries	GeoJournal	Commercial districts, market areas, and spatial infrastructure	Mobility traces linked to market outcomes; Spatial access and market exposure
Lu & Li (2025)	Fee or free? Re-think the role of service fees in omnichannel retailing after the pandemic	Journal of the Operational Research Society	Retail traffic, visits, and store conversion	Mobility traces linked to market outcomes; Local conditions shaping conversion
Luo & Ranjan (2025)	Mapping Spatial Heterogeneity in Retail Advertising Effectiveness	Journal of Marketing Research	Retail traffic, visits, and store conversion	Spatial access and market exposure
Martínez-de-Albéniz & Belkaid (2021)	Here comes the sun: Fashion goods retailing under weather fluctuations	European Journal of Operational Research	Retail traffic, visits, and store conversion	Mobility traces linked to market outcomes; Local conditions shaping conversion
Mishra & Roy (2026)	How formal shapes informal: The case of informal businesses in mixed-use streets	Cities	Retail traffic, visits, and store conversion	Mobility traces linked to market outcomes; Spatial access and market exposure; Commercial districts and place-based markets; Local conditions shaping conversion
Moutou (2013)	Car parking matters: Adapting to changing customer mobility in neighborhood town centers of an inner city area of Sydney	Journal of Urban History	Retail traffic, visits, and store conversion	Mobility measurement and visitation evidence; Mobility traces linked to market outcomes; Local conditions shaping conversion; Transferable mobility-market theory or methods
Ni et al. (2025)	Regeneration Efficiency Assessment and Predictive Comparison of Government-Led and Market-Driven Models in Historic Districts Via DID and XGBoost	Applied Spatial Analysis and Policy	Location-based marketing and digital conversion	Mobility traces linked to market outcomes; Location-based marketing linked to offline behavior
Obras-Loscertales et al. (2026)	Intra-urban consumption flows and sociospatial disparities: An analysis based on bank card transaction data	Environment and Planning B: Urban Analytics and City Science	Local consumption and spending flows	Mobility traces linked to market outcomes; Spatial access and market exposure; Local consumption and spending flows
Pan et al. (2026)	Multicategory purchase behavior: basket choice, shopping frequency, and promotional analysis	Journal of Retailing	Retail traffic, visits, and store conversion	Mobility traces linked to market outcomes
Pauwels et al. (2016)	Like the ad or the brand? Marketing stimulates different electronic word-of-mouth content to drive online and offline performance	International Journal of Research in Marketing	Location-based marketing and digital conversion	Mobility traces linked to market outcomes; Location-based marketing linked to offline behavior
Peng et al. (2024)	Big geo-data unveils influencing factors on customer flow dynamics within urban commercial districts	International Journal of Applied Earth Observation and Geoinformation	Local consumption and spending flows	Mobility traces linked to market outcomes; Spatial access and market exposure; Commercial districts and place-based markets
Peng et al. (2026)	Commercial OD flow prediction with multi-feature spatial representation learning network	Travel Behaviour and Society	Local consumption and spending flows	Mobility traces linked to market outcomes; Spatial access and market exposure; Commercial districts and place-based markets
Post (2024)	Quantifying the effect of striking with picketing on grocery store foot traffic	EPJ Data Science	Local consumption and spending flows	Mobility traces linked to market outcomes; Local conditions shaping conversion
Rajaram & Ahmadi (2003)	Flow management to optimize retail profits at theme parks	Operations Research	Services, hospitality, and non-retail local markets	Mobility traces linked to market outcomes; Local conditions shaping conversion
Rishika et al. (2013)	The effect of customers' social media participation on customer visit frequency and profitability: An empirical investigation	Information Systems Research	Location-based marketing and digital conversion	Mobility traces linked to market outcomes; Location-based marketing linked to offline behavior
Sciuchetti et al. (2024)	Geospatial Insights into Consumer Behavior: Mapping the Post-Restriction Pandemic Retail Landscape in Alabama	Southeastern Geographer	Retail traffic, visits, and store conversion	Mobility measurement and visitation evidence; Mobility traces linked to market outcomes; Local conditions shaping conversion
Sevtsuk & Kalvo (2018)	Patronage of urban commercial clusters: A network-based extension of the Huff model for balancing location and size	Environment and Planning B: Urban Analytics and City Science	Commercial districts, market areas, and spatial infrastructure	Mobility traces linked to market outcomes; Spatial access and market exposure; Commercial districts and place-based markets; Local conditions shaping conversion
Shahmoradi et al. (2023)	Pedestrian street and its effect on economic sustainability of a historical Middle Eastern city: The case of Chaharbagh Abbasi in Isfahan, Iran	Geography and Sustainability	Commercial districts, market areas, and spatial infrastructure	Mobility traces linked to market outcomes; Spatial access and market exposure; Commercial districts and place-based markets
Singh et al. (2006)	Market entry and consumer behavior: An investigation of a Wal-Mart supercenter	Marketing Science	Retail traffic, visits, and store conversion	Mobility traces linked to market outcomes; Spatial access and market exposure; Local conditions shaping conversion
Smith et al. (2023)	Geographies of grocery shopping in major Canadian cities: Evidence from large-scale mobile app data	Environment and Planning B: Urban Analytics and City Science	Retail traffic, visits, and store conversion	Spatial access and market exposure; Local conditions shaping conversion
Spierings (2012)	Economic flows, spatial folds and intra-urban borders: Reflections on city centre redevelopment plans from a european border studies perspective	Tijdschrift voor Economische en Sociale Geografie	Local consumption and spending flows	Local consumption and spending flows
Sun et al. (2024)	Unraveling changes of spending behavior in pandemic cities: A nationwide study of South Korea	Computers, Environment and Urban Systems	Local consumption and spending flows	Mobility traces linked to market outcomes; Spatial access and market exposure; Local consumption and spending flows; Local conditions shaping conversion
Trasberg et al. (2021)	Using Wi-Fi probe requests from mobile phones to quantify the impact of pedestrian flows on retail turnover	Computers, Environment and Urban Systems	Services, hospitality, and non-retail local markets	Mobility traces linked to market outcomes; Spatial access and market exposure
Tsai et al. (2017)	A shopping behavior prediction system: Considering moving patterns and product characteristics	Computers and Industrial Engineering	Retail traffic, visits, and store conversion	Location-based marketing linked to offline behavior
Tsang & Yip (2009)	Competition, agglomeration, and performance of Beijing hotels	Service Industries Journal	Services, hospitality, and non-retail local markets	Mobility traces linked to market outcomes
Tsang et al. (2026)	Do consumers vote with their feet? The effect of negative ESG news on consumer store visits	Accounting and Business Research	Retail traffic, visits, and store conversion	Mobility traces linked to market outcomes; Local conditions shaping conversion
Tunstall et al. (2023)	Is tobacco a driver of footfall among small retailers? A geographical analysis of tobacco purchasing using electronic point of sale data	Tobacco Control	Retail traffic, visits, and store conversion	Mobility traces linked to market outcomes; Local conditions shaping conversion
Wang et al. (2021)	Competitive Location Selection of a Commercial Center Based on the Vitality of Commercial Districts and Residential Emotion	Journal of Urban Planning and Development	Commercial districts, market areas, and spatial infrastructure	Spatial access and market exposure; Commercial districts and place-based markets
Wang & Jiang (2026)	How air quality shapes offline consumption: evidence from price promotion and store traffic	Marketing Letters	Retail traffic, visits, and store conversion	Mobility traces linked to market outcomes; Local conditions shaping conversion
Wood & Gazey (2021)	Tobacco mythbusting - tobacco is not a major driver of foot traffic in low socio-economic small retail stores	Tobacco Control	Retail traffic, visits, and store conversion	Mobility traces linked to market outcomes
Xia et al. (2021)	Competition strategies for location-based mobile coupon promotion	Journal of Theoretical and Applied Electronic Commerce Research	Location-based marketing and digital conversion	Location-based marketing linked to offline behavior
Yang et al. (2021)	COVID-19 economic policy effects on consumer spending and foot traffic in the U.S.	Journal of Safety Science and Resilience	Local consumption and spending flows	Mobility traces linked to market outcomes; Local consumption and spending flows; Local conditions shaping conversion
Yavorsky et al. (2021)	Consumer search in the U.S. auto industry: The role of dealership visits	Quantitative Marketing and Economics	Services, hospitality, and non-retail local markets	Mobility traces linked to market outcomes; Spatial access and market exposure
Yoon (2025)	Everyone knows what you did: evidence from public disclosure of travel logs	Empirical Economics	Local consumption and spending flows	Mobility traces linked to market outcomes; Local consumption and spending flows; Local conditions shaping conversion
You et al. (2014)	ConvenienceProbe: A phone-based system for retail trade-area analysis	IEEE Pervasive Computing	Retail traffic, visits, and store conversion	Mobility traces linked to market outcomes; Local conditions shaping conversion
Zou & Huang (2015)	Leveraging location-based services for couponing and infomediation	Decision Support Systems	Retail traffic, visits, and store conversion	Location-based marketing linked to offline behavior; Local conditions shaping conversion
